<?xml version="1.0" encoding="utf-8"?>
<G6_Base xmlns:xsi="http://www.w3.org/2001/XMLSchema-instance" xmlns:xsd="http://www.w3.org/2001/XMLSchema">
  <GNPX_CurrentPath />
  <StartTime>2026-02-10T11:01:04.7648209+09:00</StartTime>
  <StartTime_v600>2026-02-10T11:01:04.7648209+09:00</StartTime_v600>
  <command_Analysis_Stop>false</command_Analysis_Stop>
  <windows_Animation />
  <AutoDisplayOnErrorOccurs>false</AutoDisplayOnErrorOccurs>
  <Canceled />
  <Found_level_Solution>false</Found_level_Solution>
  <slowPlayback>true</slowPlayback>
  <G60_PuzzleMinDifficulty>1</G60_PuzzleMinDifficulty>
  <Method_DifficultyLevel>1</Method_DifficultyLevel>
  <Method_RecommendLevel>4</Method_RecommendLevel>
  <MSlvr_MaxLevel>8</MSlvr_MaxLevel>
  <MSlvr_MaxNoAlgorithm>5</MSlvr_MaxNoAlgorithm>
  <MSlvr_MaxNoAllAlgorithm>400</MSlvr_MaxNoAllAlgorithm>
  <MSlvr_MaxTime>10</MSlvr_MaxTime>
  <RecommendLevel>20</RecommendLevel>
  <chk_analysisStop_at_levels_2>1</chk_analysisStop_at_levels_2>
  <PreferSimpleLinks>1</PreferSimpleLinks>
  <Use_eALS>1</Use_eALS>
  <st_methodList>
    <string>LastDigit</string>
    <string>NakedSingle</string>
    <string>HiddenSingle</string>
    <string>GeneralLogic</string>
    <string>LockedCandidate</string>
    <string>LockedSet(3D)</string>
    <string>LockedSet(2D)Hidden</string>
    <string>LockedSet(3D)Hidden</string>
    <string>LockedSet(4D)</string>
    <string>LockedSet(4D)Hidden</string>
    <string>LockedSet(5D)</string>
    <string>LockedSet(5D)Hidden</string>
    <string>LockedSet(6D)</string>
    <string>LockedSet(6D)Hidden</string>
    <string>LockedSet(7D)</string>
    <string>LockedSet(7D)Hidden</string>
    <string>XWing</string>
    <string>SwordFish</string>
    <string>JellyFish</string>
    <string>Squirmbag</string>
    <string>Whale</string>
    <string>Leviathan</string>
    <string>Finned_XWing</string>
    <string>Finned_SwordFish</string>
    <string>Finned_JellyFish</string>
    <string>Finned_Squirmbag</string>
    <string>Finned_whale</string>
    <string>Finned_Leviathan</string>
    <string>Franken/Mutant_Fish</string>
    <string>Finned_Franken/Mutant_Fish</string>
    <string>Skyscraper</string>
    <string>EmptyRectangleEx</string>
    <string>XY_Wing</string>
    <string>W_Wing</string>
    <string>RemotePair</string>
    <string>XChain</string>
    <string>XYChain</string>
    <string>Color_Trap</string>
    <string>Color_Wrap</string>
    <string>MultiColor_Type1</string>
    <string>MultiColor_Type2</string>
    <string>SueDeCoq</string>
    <string>SueDeCoqEx1</string>
    <string>SueDeCoqEx2</string>
    <string>Franken_SDCEx3</string>
    <string>Finned_SueDeCoqEx1</string>
    <string>Finned_SueDeCoqEx2</string>
    <string>Finned_Franken_SDCEx3</string>
    <string>XYZ_WingALS</string>
    <string>ALS_XZ</string>
    <string>AHS_XZ</string>
    <string>ALS_XY Wing</string>
    <string>eALS_ChainA-Unique</string>
    <string>eALS_ChainA_UniqOverl</string>
    <string>eALS_ChainA_Unlimited</string>
    <string>ALS_DeathBlossom</string>
    <string>ALS_DeathBlossomEx</string>
    <string>eNW_DeathBlossom</string>
    <string>eNetwork_NiceLoop</string>
    <string>eNetwork_NiceLoopEx</string>
    <string>eNetwork_FC_Cells</string>
    <string>eNetwork_FC_House</string>
    <string>eALS_Wing_2D</string>
    <string>eALS_Wing_3D</string>
    <string>eALS_Wing_4D</string>
    <string>SubsetExclusion</string>
    <string>SubsetExclusionALS</string>
    <string>Firework_Triple</string>
    <string>Firework_Quadruple</string>
    <string>Firework_WWing</string>
    <string>Firework_LWing</string>
    <string>Firework_ALP</string>
    <string>Firework_DualALP</string>
    <string>Exocet_JE2</string>
    <string>Exocet_JE1</string>
    <string>Exocet</string>
    <string>Exocet_Single</string>
    <string>Exocet_SingleBase</string>
    <string>Exocet_FM</string>
    <string>Exocet_FM_Single</string>
    <string>Exocet_FM_SingleBase</string>
    <string>EndoFinned_F/M_Fish</string>
    <string>Finned_EndoFinned_F/M_Fish</string>
    <string>CannibalisticF/M_Fish</string>
    <string>Finned_Cannibalistic_F/M_Fish</string>
    <string>eKrakenFish</string>
    <string>Finned_eKrakenFish</string>
  </st_methodList>
  <Cell>true</Cell>
  <AIC>true</AIC>
  <ALS>true</ALS>
  <ALSXZ>false</ALSXZ>
  <AnLS>false</AnLS>
  <eALS>false</eALS>
  <ForceLx>ForceL2</ForceLx>
  <UCellLinkExt>true</UCellLinkExt>
  <DebugSolCheckMode>false</DebugSolCheckMode>
  <ForceChain_on>false</ForceChain_on>
  <nud_GenLogMaxSize>3</nud_GenLogMaxSize>
  <nud_GenLogMaxRank>1</nud_GenLogMaxRank>
  <NiceLoopMax>10</NiceLoopMax>
  <QSearchMaxGen>5</QSearchMaxGen>
  <ALSSizeMax>5</ALSSizeMax>
  <ALSChainSizeMax>8</ALSChainSizeMax>
  <Processor_Utilization>0.7</Processor_Utilization>
  <NoOfPuzzlesToCreate>5</NoOfPuzzlesToCreate>
  <Puzzle_LevelLow>1</Puzzle_LevelLow>
  <Puzzle_LevelHigh>7</Puzzle_LevelHigh>
  <Digits_Randomize>true</Digits_Randomize>
  <Save_CreatedPuzzle>true</Save_CreatedPuzzle>
  <CbxNextLSpattern>false</CbxNextLSpattern>
  <ResultShow>true</ResultShow>
  <retNZ>0</retNZ>
  <GenLStyp>0</GenLStyp>
  <GenLS_turbo>false</GenLS_turbo>
  <CellNumMax>25</CellNumMax>
  <RandomSeedVal_000>0</RandomSeedVal_000>
  <PatSel0X>1</PatSel0X>
  <LS_Pattern_Cntrl_P0>200</LS_Pattern_Cntrl_P0>
  <LS_Pattern_Cntrl_P1>5</LS_Pattern_Cntrl_P1>
  <LS_Pattern_Cntrl_P2>1000</LS_Pattern_Cntrl_P2>
  <chbx_ShowProofMultiPaths>true</chbx_ShowProofMultiPaths>
  <chbx_LinkExtension>true</chbx_LinkExtension>
  <chbx_DebugSolCheckMode>true</chbx_DebugSolCheckMode>
  <folderName_59S>img59S</folderName_59S>
  <zPowerUserCC>-1</zPowerUserCC>
</G6_Base>